{"cameraMode":{"drawMode":0,"name":"Shaded","section":"Shading Mode"},"sceneLighting":false,"audioPlay":false,"sceneViewState":{"m_AlwaysRefresh":false,"showFog":true,"showSkybox":false,"showFlares":true,"showImageEffects":true,"showParticleSystems":true,"showVisualEffectGraphs":true,"m_FxEnabled":true},"in2DMode":false,"pivot":{"x":-1.8094267845153809,"y":-0.3640406131744385,"z":-0.8152742385864258},"rotation":{"x":-0.23966044187545777,"y":-0.23075899481773377,"z":0.05878288298845291,"w":-0.9413304924964905},"size":6.655445575714111,"orthographic":false}